ward,percent_voted
1,24
2,30
3,33
4,38
5,28.000000000000004
6,25
7,22
8,32
9,31
10,24
11,32
12,34
13,28.999999999999996
14,36
15,33
16,31
17,27
18,28.999999999999996
19,36
20,32
21,26
22,26
23,25
24,27
25,27
